INSERT INTO Institutions (institution_ID, inst_name, inst_addr, inst_web_link, associated_authors)
VALUES
('INST001', 'Woods Hole Oceanographic Institution', 'Woods Hole, MA, USA', 'www.whoi.edu', 25),
('INST002', 'Georgia Institute of Technology', 'Atlanta, GA, USA', 'www.cc.gatech.edu', 100),
('INST003', 'Jiangsu University', 'Zhenjiang, China', 'www.ujs.edu.cn', 50),
('INST004', 'University of Maryland', 'College Park, MD, USA', 'www.umd.edu', 150),
('INST005', 'Northeastern University', 'Shenyang, China', 'www.neu.edu.cn', 80),
('INST006', 'Jilin University', 'Changchun, China', 'www.jlu.edu.cn', 90),
('INST007', 'Imperial College London', 'London, UK', 'www.imperial.ac.uk', 200),
('INST008', 'Nanyang Technological University', 'Singapore', 'www.ntu.edu.sg', 120),
('INST009', 'University College London', 'London, UK', 'www.ucl.ac.uk', 75),
('INST010', 'Zhejiang University', 'Hangzhou, China', 'www.zju.edu.cn', 110),
('INST011', 'Harbin Engineering University', 'Harbin, China', 'www.hrbeu.edu.cn', 70),
('INST012', 'Nanjing University of Aeronautics and Astronautics', 'Nanjing, China', 'www.nuaa.edu.cn', 65),
('INST013', 'University of Toronto', 'Toronto, ONT, Canada', 'www.utoronto.ca', 180),
('INST014', 'Soochow University', 'Suzhou, China', 'www.suda.edu.cn', 55),
('INST015', 'Novosibirsk State Technical University', 'Novosibirsk, Russia', 'www.nstu.ru', 40),
('INST016', 'Zhejiang University of Technology', 'Hangzhou, China', 'www.zjut.edu.cn', 60),
('INST017', 'University of Maryland, Electrical Engineering', 'College Park, MD, USA', 'www.ece.umd.edu', 140),
('INST018', 'Woods Hole Oceanographic Institution, Applied Physics', 'Woods Hole, MA, USA', 'www.whoi.edu', 30),
('INST019', 'Nanyang Technological University, Computer Engineering', 'Singapore', 'www.ntu.edu.sg', 90),
('INST020', 'Imperial College London, Electrical Engineering', 'London, UK', 'www.imperial.ac.uk', 170);


INSERT INTO Topics (topic_ID, topic_name, topic_pub_count)
VALUES
('TOP001', 'Computing and Processing', 250),
('TOP002', 'Components, Circuits, Devices and Systems', 180),
('TOP003', 'Communication, Networking and Broadcast Technologies', 220),
('TOP004', 'Signal Processing and Analysis', 200),
('TOP005', 'Power, Energy and Industry Applications', 300),
('TOP006', 'General Topics for Engineers', 150),
('TOP007', 'Fields, Waves and Electromagnetics', 170),
('TOP008', 'Robotics and Control Systems', 210),
('TOP009', 'Bioengineering', 140),
('TOP010', 'Transportation', 130),
('TOP011', 'Engineered Materials, Dielectrics and Plasmas', 160),
('TOP012', 'Aerospace', 190),
('TOP013', 'Engineering Profession', 120),
('TOP014', 'Geoscience', 100),
('TOP015', 'Photonics and Electrooptics', 130),
('TOP016', 'Nuclear Engineering', 110),
('TOP017', 'Artificial Intelligence and Machine Learning', 250),
('TOP018', 'Cybersecurity', 200),
('TOP019', 'Internet of Things (IoT)', 180),
('TOP020', 'Quantum Computing', 170);


INSERT INTO Citations (citation_ID, citing_pub, cited_pub, cited_paper_links, citation_count)
VALUES
('CIT001', 'Deep Learning for Image Classification', 'Advances in Quantum Computing', 'www.example.com/doi/1', 5),
('CIT002', 'AI in Signal Processing', 'Next-Gen Microprocessors', 'www.example.com/doi/2', 3),
('CIT003', '5G Networking Protocols', 'Blockchain Technology in Supply Chain', 'www.example.com/doi/3', 7),
('CIT004', 'Advanced Robotics in Manufacturing', 'AI for Autonomous Systems', 'www.example.com/doi/4', 10),
('CIT005', 'Sustainable Energy Systems', 'Biomedical Signal Analysis', 'www.example.com/doi/5', 4),
('CIT006', 'Next-Gen Microprocessors', 'Power Systems Optimization', 'www.example.com/doi/6', 8),
('CIT007', 'Quantum Computing Advances', 'AI in Signal Processing', 'www.example.com/doi/7', 9),
('CIT008', 'Machine Learning in Financial Forecasting', 'Electromagnetic Field Modelling', 'www.example.com/doi/8', 6),
('CIT009', '5G Networking Protocols', 'Bioengineering Advances with AI', 'www.example.com/doi/9', 12),
('CIT010', 'Cybersecurity Challenges in Healthcare', 'Photonics and Optoelectronics', 'www.example.com/doi/10', 11),
('CIT011', 'Quantum Algorithms in Bioengineering', 'Geoscience in Environmental Monitoring', 'www.example.com/doi/11', 14),
('CIT012', 'Photonics and Optoelectronics', 'Plasma Materials for Electronics', 'www.example.com/doi/12', 2),
('CIT013', 'AI-Driven Robotics for Industry 4.0', 'AI in Signal Processing', 'www.example.com/doi/13', 5),
('CIT014', 'Edge Computing in IoT Networks', 'Advanced Robotics in Manufacturing', 'www.example.com/doi/14', 8),
('CIT015', 'Computational Geosciences', 'Artificial Intelligence for Automation', 'www.example.com/doi/15', 7),
('CIT016', 'Power Systems Optimization', 'Sustainable Energy Systems', 'www.example.com/doi/16', 10),
('CIT017', 'AI in Healthcare Diagnostics', 'Deep Learning for Image Classification', 'www.example.com/doi/17', 3),
('CIT018', 'Advanced Robotics in Manufacturing', 'AI in Signal Processing', 'www.example.com/doi/18', 6),
('CIT019', 'Next-Gen Microprocessors', 'AI-Driven Robotics for Industry 4.0', 'www.example.com/doi/19', 9),
('CIT020', 'Machine Learning Algorithms for NLP', 'Quantum Computing Advances', 'www.example.com/doi/20', 11);


INSERT INTO Conferences (conference_ID, conference_name, conference_year, conference_location)
VALUES
('CONF001', 'IECON 2024 – 50th Annual Conference of the IEEE Industrial Electronics Society', 2024, 'New Orleans, LA, USA'),
('CONF002', 'GLOBECOM 2024 - 2024 IEEE Global Communications Conference', 2024, 'Kuala Lumpur, Malaysia'),
('CONF003', 'SC24: International Conference for High Performance Computing, Networking, Storage and Analysis', 2024, 'Denver, CO, USA'),
('CONF004', '2025 IEEE International Solid-State Circuits Conference (ISSCC)', 2025, 'San Francisco, CA, USA'),
('CONF005', '2025 IEEE Power & Energy Society General Meeting (PESGM)', 2025, 'Portland, OR, USA'),
('CONF006', '2024 International Conference on Vehicular Technology and Transportation Systems (ICVTTS)', 2024, 'Bangalore, India'),
('CONF007', '2024 6th International Conference on Energy, Power and Grid (ICEPG)', 2024, 'Guangzhou, China'),
('CONF008', '2024 2nd Asian Aerospace and Astronautics Conference (AAAC)', 2024, 'Nanjing, China'),
('CONF009', '2024 5th International Conference on Intelligent Computing and Human-Computer Interaction (ICHCI)', 2024, 'Nanchang, China'),
('CONF010', '2024 IEEE Region 10 Symposium (TENSYMP)', 2024, 'New Delhi, India'),
('CONF011', '2024 International Conference on Advances in Computing Research on Science Engineering and Technology (ACROSET)', 2024, 'Indore, India'),
('CONF012', '2024 International Ural Conference on Electrical Power Engineering (UralCon)', 2024, 'Magnitogorsk, Russia'),
('CONF013', '2024 IEEE 7th International Conference on Information Systems and Computer Aided Education (ICISCAE)', 2024, 'Dalian, China'),
('CONF014', '2024 4th International Conference on Electronic Information Engineering and Computer Science (EIECS)', 2024, 'Yanji, China'),
('CONF015', '2024 IEEE China Computational Power Conference (CCPC)', 2024, 'Zhengzhou, China'),
('CONF016', 'IEEE International Conference on Robotics and Automation (ICRA)', 2024, 'Paris, France'),
('CONF017', 'IEEE International Symposium on Circuits and Systems (ISCAS)', 2024, 'Budapest, Hungary'),
('CONF018', 'IEEE International Conference on Artificial Intelligence and Computing (ICAIC)', 2024, 'Tokyo, Japan'),
('CONF019', 'IEEE Global Engineering Education Conference (EDUCON)', 2024, 'Madrid, Spain'),
('CONF020', 'IEEE International Conference on Communications (ICC)', 2024, 'Seoul, South Korea');


INSERT INTO Users (user_ID, user_name, user_email, user_contact_no, sub_status, subscription, profession)
VALUES
('USR001', 'John Doe', 'john.doe@email.com', 1234567890, 'Active', 'Premium', 'Software Engineer'),
('USR002', 'Jane Smith', 'jane.smith@email.com', 9876543210, 'Active', 'Basic', 'Data Scientist'),
('USR003', 'Alan Turing', 'alan.turing@email.com', 1122334455, 'Inactive', 'None', 'Mathematician'),
('USR004', 'Grace Hopper', 'grace.hopper@email.com', 2233445566, 'Active', 'Premium', 'Computer Scientist'),
('USR005', 'Ada Lovelace', 'ada.lovelace@email.com', 3344556677, 'Inactive', 'None', 'Engineer'),
('USR006', 'Elon Musk', 'elon.musk@email.com', 4455667788, 'Active', 'Premium', 'Entrepreneur'),
('USR007', 'Marie Curie', 'marie.curie@email.com', 5566778899, 'Active', 'Basic', 'Physicist'),
('USR008', 'Nikola Tesla', 'nikola.tesla@email.com', 6677889900, 'Inactive', 'None', 'Inventor'),
('USR009', 'Tim Berners-Lee', 'tim.berners@email.com', 7788990011, 'Active', 'Basic', 'Engineer'),
('USR010', 'Linus Torvalds', 'linus.torvalds@email.com', 8899001122, 'Active', 'Premium', 'Software Developer'),
('USR011', 'Bill Gates', 'bill.gates@email.com', 9900112233, 'Active', 'Premium', 'Philanthropist'),
('USR012', 'Mark Zuckerberg', 'mark.zuckerberg@email.com', 1011122233, 'Inactive', 'None', 'CEO'),
('USR013', 'Jeff Bezos', 'jeff.bezos@email.com', 1022233344, 'Active', 'Premium', 'Entrepreneur'),
('USR014', 'Sundar Pichai', 'sundar.pichai@email.com', 1033344455, 'Active', 'Basic', 'CEO'),
('USR015', 'Larry Page', 'larry.page@email.com', 1044455566, 'Active', 'Premium', 'Entrepreneur'),
('USR016', 'Sergey Brin', 'sergey.brin@email.com', 1055566677, 'Active', 'Premium', 'Entrepreneur'),
('USR017', 'Sheryl Sandberg', 'sheryl.sandberg@email.com', 1066677788, 'Inactive', 'Basic', 'COO'),
('USR018', 'Eliezer Yudkowsky', 'eliezer.yudkowsky@email.com', 1077788899, 'Active', 'Premium', 'Researcher'),
('USR019', 'Andrew Ng', 'andrew.ng@email.com', 1088899900, 'Active', 'Premium', 'AI Specialist'),
('USR020', 'Fei-Fei Li', 'fei-fei.li@email.com', 1099900011, 'Active', 'Basic', 'Researcher'),
('USR021', 'Geoffrey Hinton', 'geoffrey.hinton@email.com', 1110011222, 'Active', 'Premium', 'AI Scientist'),
('USR022', 'Yann LeCun', 'yann.lecun@email.com', 1121122333, 'Active', 'Premium', 'Professor'),
('USR023', 'Demis Hassabis', 'demis.hassabis@email.com', 1132233444, 'Active', 'Premium', 'AI Entrepreneur'),
('USR024', 'Ian Goodfellow', 'ian.goodfellow@email.com', 1143344555, 'Active', 'Basic', 'AI Researcher'),
('USR025', 'Alex Krizhevsky', 'alex.krizhevsky@email.com', 1154455666, 'Active', 'Basic', 'AI Researcher'),
('USR026', 'Elena Sanchez', 'elena.sanchez@email.com', 1165566777, 'Active', 'Basic', 'Data Analyst'),
('USR027', 'Liam Nguyen', 'liam.nguyen@email.com', 1176677888, 'Inactive', 'None', 'Statistician'),
('USR028', 'Hannah Brown', 'hannah.brown@email.com', 1187788999, 'Active', 'Premium', 'Economist'),
('USR029', 'Sophia Johnson', 'sophia.johnson@email.com', 1198899900, 'Active', 'Basic', 'Engineer'),
('USR030', 'Carlos Martinez', 'carlos.martinez@email.com', 1209900011, 'Active', 'Premium', 'Software Developer');


INSERT INTO Publications (publication_ID, paper_name, publisher, DOI, date_of_conference, date_of_publication, print_ISSN, print_ISBN, conference_ID)
VALUES
('PUB001', 'Advances in Quantum Computing', 'IEEE', '10.1109/21', '2023-10-15', '2023-12-01', '1234-5678', '978-1-234567-8-1', 'CONF001'),
('PUB002', 'Next-Gen Microprocessors', 'IET', '10.1049/22', '2023-09-10', '2023-11-05', '2345-6789', '978-1-234567-8-2', 'CONF002'),
('PUB003', '5G Networking Protocols', 'Wiley', '10.1002/23', '2022-08-25', '2022-10-10', '3456-7890', '978-1-234567-8-3', 'CONF003'),
('PUB004', 'AI in Signal Processing', 'MIT Press', '10.1016/24', '2022-05-20', '2022-07-15', '4567-8901', '978-1-234567-8-4', 'CONF004'),
('PUB005', 'Sustainable Energy Systems', 'IBM', '10.1108/25', '2021-12-01', '2022-01-25', '5678-9012', '978-1-234567-8-5', 'CONF005'),
('PUB006', 'Advanced Robotics in Manufacturing', 'VDE', '10.1109/26', '2021-07-11', '2021-09-30', '6789-0123', '978-1-234567-8-6', 'CONF006'),
('PUB007', 'Biomedical Signal Analysis', 'IEEE', '10.1109/27', '2020-11-15', '2020-12-20', '7890-1234', '978-1-234567-8-7', 'CONF007'),
('PUB008', 'Plasma Materials for Electronics', 'TUP', '10.1089/28', '2020-05-10', '2020-07-01', '8901-2345', '978-1-234567-8-8', 'CONF008'),
('PUB009', 'Photonics and Optoelectronics', 'River Publishers', '10.1109/29', '2019-09-25', '2019-11-12', '9012-3456', '978-1-234567-8-9', 'CONF009'),
('PUB010', 'Power Systems Optimization', 'Wiley', '10.1002/30', '2019-04-14', '2019-06-10', '0123-4567', '978-1-234567-9-0', 'CONF010'),
('PUB011', 'Quantum Algorithms in Bioengineering', 'IEEE', '10.1109/31', '2018-12-17', '2019-02-25', '1234-5679', '978-1-234567-9-1', 'CONF011'),
('PUB012', 'Electromagnetic Field Modelling', 'VDE', '10.1109/32', '2018-05-19', '2018-07-01', '2345-6781', '978-1-234567-9-2', 'CONF012'),
('PUB013', 'AI for Aerospace Engineering', 'MIT Press', '10.1016/33', '2017-09-10', '2017-11-15', '3456-7891', '978-1-234567-9-3', 'CONF013'),
('PUB014', 'Computational Geosciences', 'IBM', '10.1108/34', '2017-04-25', '2017-06-20', '4567-8901', '978-1-234567-9-4', 'CONF014'),
('PUB015', 'Signal Processing in Communication Systems', 'IEEE', '10.1109/35', '2016-12-10', '2017-01-20', '5678-9012', '978-1-234567-9-5', 'CONF015'),
('PUB016', 'Machine Learning in Power Systems', 'IET', '10.1049/36', '2016-08-05', '2016-10-01', '6789-0123', '978-1-234567-9-6', 'CONF016'),
('PUB017', 'Nuclear Engineering: Trends and Advances', 'IEEE', '10.1109/37', '2016-02-15', '2016-04-10', '7890-1234', '978-1-234567-9-7', 'CONF017'),
('PUB018', 'Smart Transportation Systems', 'River Publishers', '10.1109/38', '2015-09-25', '2015-11-01', '8901-2345', '978-1-234567-9-8', 'CONF018'),
('PUB019', 'Photonics for Next-Gen Computing', 'IEEE', '10.1109/39', '2015-06-15', '2015-08-20', '9012-3456', '978-1-234567-9-9', 'CONF019'),
('PUB020', 'Bioengineering Advances with AI', 'TUP', '10.1089/40', '2014-12-10', '2015-01-25', '0123-4567', '978-1-234568-0-0', 'CONF020'),
('PUB021', 'Networking in IoT Systems', 'IEEE', '10.1109/41', '2014-08-12', '2014-10-10', '1234-5670', '978-1-234568-0-1', 'CONF001'),
('PUB022', 'Components for Quantum Devices', 'IET', '10.1049/42', '2013-05-15', '2013-07-20', '2345-6782', '978-1-234568-0-2', 'CONF002'),
('PUB023', 'General Engineering Ethics', 'IEEE', '10.1109/43', '2013-11-10', '2014-01-15', '3456-7892', '978-1-234568-0-3', 'CONF003'),
('PUB024', 'Control Systems in Robotics', 'Wiley', '10.1002/44', '2012-07-22', '2012-09-05', '4567-8902', '978-1-234568-0-4', 'CONF004'),
('PUB025', 'Dielectrics in Circuit Systems', 'IEEE', '10.1109/45', '2012-04-10', '2012-06-20', '5678-9013', '978-1-234568-0-5', 'CONF005'),
('PUB026', 'Aerospace Communication Networks', 'MIT Press', '10.1016/46', '2011-12-05', '2012-01-25', '6789-0124', '978-1-234568-0-6', 'CONF006'),
('PUB027', 'Advances in Signal Processing Algorithms', 'IBM', '10.1108/47', '2011-08-15', '2011-10-01', '7890-1235', '978-1-234568-0-7', 'CONF007'),
('PUB028', 'Electromagnetics in Telecommunication', 'VDE', '10.1109/48', '2010-05-25', '2010-07-10', '8901-2346', '978-1-234568-0-8', 'CONF008'),
('PUB029', 'AI for Biomedical Engineering', 'IEEE', '10.1109/49', '2010-12-15', '2011-02-10', '9012-3457', '978-1-234568-0-9', 'CONF009'),
('PUB030', 'Power Engineering and AI Integration', 'River Publishers', '10.1109/50', '2009-08-10', '2009-10-05', '0123-4568', '978-1-234568-1-0', 'CONF010');


INSERT INTO Authors (author_ID, author_name, no_of_publications, no_of_citations, institution_ID, topic_ID)
VALUES
('AUTH001', 'Patrick Le Callet', 50, 1500, 'INST003', 'TOP002'),
('AUTH002', 'André Kaup', 45, 1200, 'INST006', 'TOP005'),
('AUTH003', 'Esa Rahtu', 30, 900, 'INST010', 'TOP007'),
('AUTH004', 'Giuseppe Valenzise', 40, 1100, 'INST008', 'TOP004'),
('AUTH005', 'Farid Alijani', 35, 1000, 'INST012', 'TOP010'),
('AUTH006', 'Zeman Shao', 25, 800, 'INST014', 'TOP003'),
('AUTH007', 'Fengqing Zhu', 60, 1700, 'INST002', 'TOP001'),
('AUTH008', 'Evangelos Alexiou', 20, 600, 'INST015', 'TOP008'),
('AUTH009', 'Konstantinos Moustakas', 55, 1300, 'INST007', 'TOP009'),
('AUTH010', 'Miska M. Hannuksela', 32, 900, 'INST018', 'TOP006'),
('AUTH011', 'José Luis Güntzel', 28, 750, 'INST004', 'TOP011'),
('AUTH012', 'Jun Wang', 70, 1800, 'INST020', 'TOP012'),
('AUTH013', 'Steve Göring', 22, 650, 'INST009', 'TOP001'),
('AUTH014', 'Alexandros Iosifidis', 40, 1200, 'INST011', 'TOP005'),
('AUTH015', 'Mateus Grellert', 18, 550, 'INST017', 'TOP002'),
('AUTH016', 'Aris S. Lalos', 50, 1400, 'INST013', 'TOP007'),
('AUTH017', 'Ismael Seidel', 38, 1100, 'INST019', 'TOP003'),
('AUTH018', 'Vanio Rodrigues Filho', 29, 800, 'INST001', 'TOP004'),
('AUTH019', 'Frédéric Dufaux', 55, 1600, 'INST005', 'TOP006'),
('AUTH020', 'Aljosa Smolic', 42, 1300, 'INST016', 'TOP010');


INSERT INTO Keywords (keyword_ID, topic_ID, keyword, kw_pub_count)
VALUES
('KW001', 'TOP019', 'artificial intelligence', 210),
('KW002', 'TOP003', 'machine learning algorithms', 175),
('KW003', 'TOP011', 'cybersecurity frameworks', 130),
('KW004', 'TOP014', 'big data analytics', 160),
('KW005', 'TOP007', 'blockchain technology', 190),
('KW006', 'TOP015', 'wireless sensor networks', 145),
('KW007', 'TOP004', 'cloud computing architecture', 155),
('KW008', 'TOP018', 'internet of things', 165),
('KW009', 'TOP012', 'robotics process automation', 170),
('KW010', 'TOP001', 'natural language processing', 200),
('KW011', 'TOP005', 'computer vision', 180),
('KW012', 'TOP013', 'autonomous driving', 135),
('KW013', 'TOP009', 'renewable energy systems', 195),
('KW014', 'TOP017', 'quantum computing', 205),
('KW015', 'TOP016', 'digital image processing', 140),
('KW016', 'TOP008', 'deep learning applications', 155),
('KW017', 'TOP002', 'network security protocols', 165),
('KW018', 'TOP006', 'bioinformatics', 130),
('KW019', 'TOP010', 'space exploration', 125),
('KW020', 'TOP020', 'nanotechnology', 175),
('KW021', 'TOP001', 'data privacy', 150),
('KW022', 'TOP009', 'distributed computing', 180),
('KW023', 'TOP017', 'high performance computing', 155),
('KW024', 'TOP005', 'virtual reality', 195),
('KW025', 'TOP012', 'augmented reality', 185),
('KW026', 'TOP014', 'machine-to-machine communication', 165),
('KW027', 'TOP018', 'digital twins', 135),
('KW028', 'TOP019', '5G networks', 160),
('KW029', 'TOP002', 'cryptographic algorithms', 145),
('KW030', 'TOP006', 'edge computing', 190);


INSERT INTO Members (member_ID, roles, memshp_status, memshp_start_date, user_ID, institution_ID)
VALUES
('MEM001', 'Researcher', 'Active', '2021-01-15', 'USR015', 'INST007'),
('MEM002', 'Lecturer', 'Active', '2020-05-10', 'USR004', 'INST010'),
('MEM003', 'Professor', 'Active', '2019-07-12', 'USR019', 'INST001'),
('MEM004', 'PhD Student', 'Inactive', '2022-09-01', 'USR010', 'INST004'),
('MEM005', 'Assistant Professor', 'Active', '2020-11-18', 'USR005', 'INST012'),
('MEM006', 'Postdoc Researcher', 'Active', '2021-03-09', 'USR002', 'INST008'),
('MEM007', 'Lab Assistant', 'Active', '2021-06-22', 'USR017', 'INST009'),
('MEM008', 'Research Scientist', 'Inactive', '2018-11-14', 'USR009', 'INST016'),
('MEM009', 'Senior Engineer', 'Active', '2020-10-30', 'USR013', 'INST011'),
('MEM010', 'Project Manager', 'Active', '2022-03-05', 'USR007', 'INST015'),
('MEM011', 'Researcher', 'Active', '2021-02-12', 'USR020', 'INST014'),
('MEM012', 'Consultant', 'Active', '2019-12-01', 'USR012', 'INST003'),
('MEM013', 'Lab Technician', 'Active', '2021-04-15', 'USR003', 'INST006'),
('MEM014', 'Software Developer', 'Inactive', '2022-08-20', 'USR018', 'INST005'),
('MEM015', 'Assistant Professor', 'Active', '2020-06-11', 'USR016', 'INST002'),
('MEM016', 'System Analyst', 'Active', '2019-09-25', 'USR011', 'INST017'),
('MEM017', 'Research Fellow', 'Active', '2021-05-12', 'USR001', 'INST020'),
('MEM018', 'Visiting Scholar', 'Inactive', '2020-12-19', 'USR014', 'INST013'),
('MEM019', 'Associate Professor', 'Active', '2022-07-07', 'USR008', 'INST018'),
('MEM020', 'Doctoral Student', 'Active', '2021-08-15', 'USR006', 'INST019');


INSERT INTO Author_Affiliation (author_ID, aff_start_date, aff_end_date)
VALUES
('AUTH001', '2017-01-10', '2021-05-15'),
('AUTH002', '2018-03-05', '2020-12-30'),
('AUTH003', '2019-06-20', '2022-09-10'),
('AUTH004', '2020-02-25', '2023-07-01'),
('AUTH005', '2016-08-15', '2021-04-22'),
('AUTH006', '2017-09-05', '2020-03-10'),
('AUTH007', '2018-10-12', '2021-11-30'),
('AUTH008', '2019-04-18', '2022-02-15'),
('AUTH009', '2020-05-23', '2023-08-20'),
('AUTH010', '2017-07-01', '2020-09-25'),
('AUTH011', '2016-06-10', '2019-12-05'),
('AUTH012', '2018-11-15', '2022-06-10'),
('AUTH013', '2019-03-20', '2021-12-15'),
('AUTH014', '2020-09-01', '2023-03-25'),
('AUTH015', '2017-04-12', '2020-08-30'),
('AUTH016', '2016-12-10', '2019-07-15'),
('AUTH017', '2018-08-15', '2021-02-28'),
('AUTH018', '2017-11-05', '2020-05-18'),
('AUTH019', '2019-01-25', '2022-09-12'),
('AUTH020', '2020-07-20', '2023-05-10');


INSERT INTO Pub_Author (publication_ID, author_ID)
VALUES
('PUB001', 'AUTH001'),
('PUB001', 'AUTH002'),
('PUB001', 'AUTH003'),
('PUB002', 'AUTH001'),
('PUB002', 'AUTH004'),
('PUB002', 'AUTH005'),
('PUB003', 'AUTH001'),
('PUB003', 'AUTH006'),
('PUB003', 'AUTH007'),
('PUB004', 'AUTH008'),
('PUB004', 'AUTH002'),
('PUB004', 'AUTH009'),
('PUB005', 'AUTH002'),
('PUB005', 'AUTH003'),
('PUB005', 'AUTH010'),
('PUB006', 'AUTH011'),
('PUB006', 'AUTH004'),
('PUB006', 'AUTH012'),
('PUB007', 'AUTH001'),
('PUB007', 'AUTH006'),
('PUB007', 'AUTH013'),
('PUB008', 'AUTH014'),
('PUB008', 'AUTH009'),
('PUB008', 'AUTH003'),
('PUB009', 'AUTH001'),
('PUB009', 'AUTH011'),
('PUB009', 'AUTH015'),
('PUB010', 'AUTH016'),
('PUB010', 'AUTH005'),
('PUB010', 'AUTH013'),
('PUB011', 'AUTH002'),
('PUB011', 'AUTH017'),
('PUB012', 'AUTH008'),
('PUB012', 'AUTH006'),
('PUB013', 'AUTH018'),
('PUB013', 'AUTH010'),
('PUB014', 'AUTH003'),
('PUB014', 'AUTH011'),
('PUB015', 'AUTH014'),
('PUB015', 'AUTH019'),
('PUB016', 'AUTH004'),
('PUB016', 'AUTH012'),
('PUB017', 'AUTH002'),
('PUB017', 'AUTH007'),
('PUB018', 'AUTH015'),
('PUB018', 'AUTH013'),
('PUB019', 'AUTH016'),
('PUB019', 'AUTH014'),
('PUB020', 'AUTH017'),
('PUB020', 'AUTH001'),
('PUB021', 'AUTH003'),
('PUB021', 'AUTH005'),
('PUB022', 'AUTH002'),
('PUB022', 'AUTH008'),
('PUB023', 'AUTH009'),
('PUB023', 'AUTH011'),
('PUB024', 'AUTH014'),
('PUB024', 'AUTH012'),
('PUB025', 'AUTH013'),
('PUB025', 'AUTH019'),
('PUB026', 'AUTH001'),
('PUB026', 'AUTH004'),
('PUB027', 'AUTH017'),
('PUB027', 'AUTH002'),
('PUB028', 'AUTH015'),
('PUB028', 'AUTH006'),
('PUB029', 'AUTH018'),
('PUB029', 'AUTH007'),
('PUB030', 'AUTH010'),
('PUB030', 'AUTH019');


INSERT INTO Pub_Key (publication_ID, keyword_ID)
VALUES
('PUB001', 'KW001'),
('PUB001', 'KW011'),
('PUB001', 'KW021'),
('PUB002', 'KW002'),
('PUB002', 'KW012'),
('PUB002', 'KW022'),
('PUB003', 'KW003'),
('PUB003', 'KW013'),
('PUB003', 'KW023'),
('PUB004', 'KW004'),
('PUB004', 'KW014'),
('PUB004', 'KW024'),
('PUB005', 'KW005'),
('PUB005', 'KW015'),
('PUB005', 'KW025'),
('PUB006', 'KW006'),
('PUB006', 'KW016'),
('PUB006', 'KW026'),
('PUB007', 'KW007'),
('PUB007', 'KW017'),
('PUB007', 'KW027'),
('PUB008', 'KW008'),
('PUB008', 'KW018'),
('PUB008', 'KW028'),
('PUB009', 'KW009'),
('PUB009', 'KW019'),
('PUB009', 'KW029'),
('PUB010', 'KW010'),
('PUB010', 'KW020'),
('PUB010', 'KW030'),
('PUB011', 'KW001'),
('PUB011', 'KW012'),
('PUB011', 'KW023'),
('PUB012', 'KW002'),
('PUB012', 'KW013'),
('PUB012', 'KW024'),
('PUB013', 'KW003'),
('PUB013', 'KW014'),
('PUB013', 'KW025'),
('PUB014', 'KW004'),
('PUB014', 'KW015'),
('PUB014', 'KW026'),
('PUB015', 'KW005'),
('PUB015', 'KW016'),
('PUB015', 'KW027'),
('PUB016', 'KW006'),
('PUB016', 'KW017'),
('PUB016', 'KW028'),
('PUB017', 'KW007'),
('PUB017', 'KW018'),
('PUB017', 'KW029'),
('PUB018', 'KW008'),
('PUB018', 'KW019'),
('PUB018', 'KW030'),
('PUB019', 'KW009'),
('PUB019', 'KW020'),
('PUB019', 'KW011'),
('PUB020', 'KW010'),
('PUB020', 'KW021'),
('PUB020', 'KW001'),
('PUB021', 'KW001'),
('PUB021', 'KW011'),
('PUB021', 'KW022'),
('PUB022', 'KW002'),
('PUB022', 'KW012'),
('PUB022', 'KW023'),
('PUB023', 'KW003'),
('PUB023', 'KW013'),
('PUB023', 'KW024'),
('PUB024', 'KW004'),
('PUB024', 'KW014'),
('PUB024', 'KW025'),
('PUB025', 'KW005'),
('PUB025', 'KW015'),
('PUB025', 'KW026'),
('PUB026', 'KW006'),
('PUB026', 'KW016'),
('PUB026', 'KW027'),
('PUB027', 'KW007'),
('PUB027', 'KW017'),
('PUB027', 'KW028'),
('PUB028', 'KW008'),
('PUB028', 'KW018'),
('PUB028', 'KW029'),
('PUB029', 'KW009'),
('PUB029', 'KW019'),
('PUB029', 'KW030'),
('PUB030', 'KW010'),
('PUB030', 'KW020'),
('PUB030', 'KW011');


INSERT INTO Pub_Cite (publication_ID, citation_ID)
VALUES
('PUB001', 'CIT001'),
('PUB001', 'CIT011'),
('PUB001', 'CIT007'),
('PUB002', 'CIT002'),
('PUB002', 'CIT012'),
('PUB002', 'CIT008'),
('PUB003', 'CIT003'),
('PUB003', 'CIT013'),
('PUB003', 'CIT009'),
('PUB004', 'CIT004'),
('PUB004', 'CIT014'),
('PUB004', 'CIT010'),
('PUB005', 'CIT005'),
('PUB005', 'CIT015'),
('PUB005', 'CIT001'),
('PUB006', 'CIT006'),
('PUB006', 'CIT016'),
('PUB006', 'CIT002'),
('PUB007', 'CIT007'),
('PUB007', 'CIT017'),
('PUB007', 'CIT003'),
('PUB008', 'CIT008'),
('PUB008', 'CIT018'),
('PUB008', 'CIT004'),
('PUB009', 'CIT009'),
('PUB009', 'CIT019'),
('PUB009', 'CIT005'),
('PUB010', 'CIT010'),
('PUB010', 'CIT020'),
('PUB010', 'CIT006'),
('PUB011', 'CIT001'),
('PUB011', 'CIT011'),
('PUB011', 'CIT007'),
('PUB012', 'CIT002'),
('PUB012', 'CIT012'),
('PUB012', 'CIT008'),
('PUB013', 'CIT003'),
('PUB013', 'CIT013'),
('PUB013', 'CIT009'),
('PUB014', 'CIT004'),
('PUB014', 'CIT014'),
('PUB014', 'CIT010'),
('PUB015', 'CIT005'),
('PUB015', 'CIT015'),
('PUB015', 'CIT001'),
('PUB016', 'CIT006'),
('PUB016', 'CIT016'),
('PUB016', 'CIT002'),
('PUB017', 'CIT007'),
('PUB017', 'CIT017'),
('PUB017', 'CIT003'),
('PUB018', 'CIT008'),
('PUB018', 'CIT018'),
('PUB018', 'CIT004'),
('PUB019', 'CIT009'),
('PUB019', 'CIT019'),
('PUB019', 'CIT005'),
('PUB020', 'CIT010'),
('PUB020', 'CIT020'),
('PUB020', 'CIT006'),
('PUB021', 'CIT001'),
('PUB021', 'CIT011'),
('PUB021', 'CIT007'),
('PUB022', 'CIT002'),
('PUB022', 'CIT012'),
('PUB022', 'CIT008'),
('PUB023', 'CIT003'),
('PUB023', 'CIT013'),
('PUB023', 'CIT009'),
('PUB024', 'CIT004'),
('PUB024', 'CIT014'),
('PUB024', 'CIT010'),
('PUB025', 'CIT005'),
('PUB025', 'CIT015'),
('PUB025', 'CIT001'),
('PUB026', 'CIT006'),
('PUB026', 'CIT016'),
('PUB026', 'CIT002'),
('PUB027', 'CIT007'),
('PUB027', 'CIT017'),
('PUB027', 'CIT003'),
('PUB028', 'CIT008'),
('PUB028', 'CIT018'),
('PUB028', 'CIT004'),
('PUB029', 'CIT009'),
('PUB029', 'CIT019'),
('PUB029', 'CIT005'),
('PUB030', 'CIT010'),
('PUB030', 'CIT020'),
('PUB030', 'CIT006');



